name,team,position,tdc_grade,grade_num,ppg,rpg,apg,mpg
Ace Buckner,Clemson,PG,82,82,8.3,2.9,1.8,19.5
Cole Certa,Clemson,SG,84,84,12.8,1.7,0.8,26.8
Liutauras Lelevicius,Clemson,SF,81,81,8.0,3.4,0.7,23.7
David Fuchs,Clemson,PF,84,84,12.7,7.8,1.4,24.0
Carter Welling,Clemson,C,83,83,10.2,5.4,1.1,20.8
Zac Foster,Clemson,SG,82,82,6.9,2.8,2.5,18.6
Dylan Faulkner,Clemson,PF,82,82,17.2,8.6,1.8,26.1
Chase Thompson,Clemson,PF,75,75,2.3,1.1,0.3,9.0
Dallas Thomas,Clemson,PF,73,73,2.2,0.4,0.1,4.4
Trent Steinour,Clemson,PF,72,72,1.0,1.2,0.0,2.5
Harris Reynolds,Clemson,SG,74,74,,,,
Will Stevens,Clemson,C,71,71,,,,
Amaer James,Clemson,SG,66,66,,,,
Blake Davidson,Clemson,PF,60,60,,,,
Acaden Lewis,Miami,PG,87,87,12.2,3.0,5.3,30.5
Nick Dorn,Miami,SG,79,79,8.1,2.3,0.3,23.2
Shelton Henderson,Miami,SF,85,85,13.8,4.9,2.1,31.2
DeSean Goode,Miami,PF,82,82,15.2,8.7,1.4,30.9
Somoto Cyril,Miami,C,91,91,9.3,5.4,0.6,21.2
Dante Allen,Miami,SG,77,77,6.6,2.8,2.2,23.9
Brent Bland,Miami,SG,76,76,13.9,5.0,1.5,33.2
Caleb Gaskins,Miami,PF,75,75,,,,
Marcus Allen,Miami,SF,72,72,5.3,3.1,1.6,19.0
Quin Berger,Miami,PG,60,60,3.1,1.4,0.7,16.6
Chris Birden,Miami,PF,59,59,,,,
Cayden Boozer,Duke,PG,84,84,7.7,2.3,3.0,22.8
John Blackwell,Duke,SG,95,95,19.1,5.1,2.3,33.8
Dame Sarr,Duke,SF,89,89,6.4,3.8,1.1,23.5
Joaquim Boumtje Boumtje,Duke,PF,90,90,,,,
Patrick Ngongba,Duke,C,91,91,10.1,5.8,2.0,21.9
Cameron Williams,Duke,PF,89,89,,,,
Bryson Howard,Duke,SG,88,88,,,,
Caleb Foster,Duke,PG,84,84,8.3,3.5,2.8,24.8
Deron Rippey Jr.,Duke,PG,83,83,,,,
Drew Scharniwski,Duke,PF,83,83,10.7,6.0,2.6,21.8
Maxime Meyer,Duke,C,77,77,,,,
Jacob Theodosiou,Duke,SG,74,74,13.1,3.6,2.7,23.3
Braeden Smith,Notre Dame,PG,78,78,5.1,2.2,3.6,17.1
Braeden Shrewsberry,Notre Dame,SG,79,79,11.9,3.1,1.9,32.7
Ethan Roberts,Notre Dame,SF,82,82,16.9,3.9,2.3,30.5
Abdramane Siby,Syracuse,C,78,78,,,,
Brady Koehler,Notre Dame,PF,81,81,5.6,3.2,0.3,16.0
Logan Duncomb,Notre Dame,C,84,84,18.3,8.9,1.6,24.3
Jonathan Sanderson,Notre Dame,PG,78,78,,,,
Tommy Ahneman,Notre Dame,C,76,76,,,,
Logan Imes,Notre Dame,SG,75,75,4.7,3.2,1.7,21.1
Devin Brown,Notre Dame,SF,75,75,6.4,3.4,1.6,23.4
Bryce Dortch,Notre Dame,PF,70,70,2.1,3.2,0.1,14.4
Gan-Eredene Solongo,Notre Dame,C,69,69,,,,
Nick Shrewsberry,Notre Dame,SG,62,62,,,,
Brady Stevens,Notre Dame,SG,60,60,0.6,0.4,0.2,2.4
Tommy Devine,Notre Dame,SF,60,60,,,,
Chance Mallory,Virginia,PG,85,85,9.3,3.7,3.4,24.0
Jurian Dixon,Virginia,SG,84,84,15.9,3.6,2.5,30.4
Sam Lewis,Virginia,SF,84,84,10.6,3.6,1.4,25.4
Thijs De Ridder,Virginia,PF,93,93,15.6,6.2,1.6,27.7
Johann Grunloh,Virginia,C,87,87,7.1,5.2,0.6,21.0
Jan Vide,Virginia,SG,79,79,12.1,3.0,4.0,28.7
Christian Harmon,Virginia,SG,79,79,12.8,3.7,2.5,27.6
Kalu Anya,Virginia,PF,76,76,6.7,7.7,2.5,28.0
Elijah Gertrude,Virginia,SG,75,75,1.7,0.8,0.6,6.2
Martin Carrere,Virginia,SF,71,71,0.8,0.5,0.3,3.9
Favour Ibe,Virginia,C,73,73,,,,
Silas Barksdale,Virginia,PF,70,70,,,,
Carter Lang,Virginia,PF,66,66,0.4,0.5,0.3,2.2
Christian Bliss,Stanford,PG,77,77,16.7,5.2,5.9,39.7
Julius Price,Stanford,SG,73,73,,,,
Aziz Olajuwon,Stanford,SF,77,77,,,,
Donavin Young,Stanford,PF,74,74,2.5,2.7,0.7,15.5
Aidan Cammann,Stanford,C,78,78,6.5,3.8,1.4,21.8
Austin Maurer,Stanford,C,76,76,7.2,4.7,0.5,17.8
Isaiah Rogers,Stanford,PG,73,73,,,,
Anthony Batson Jr.,Stanford,SG,72,72,,,,
Drew Anderson,Stanford,PF,70,70,,,,
Kristers Skrinda,Stanford,PF,68,68,0.8,1.6,0.1,6.1
Elias Obenyah,Stanford,SG,69,69,,,,
Evan Stinson,Stanford,PF,68,68,1.8,0.5,0.3,5.3
Tallis Toure,Stanford,C,66,66,0.0,1.0,0.0,3.5
Myles Jones,Stanford,SG,68,68,,,,
Ben Hammond,Virginia Tech,PG,86,86,13.2,2.3,3.2,31.5
Jaylen Curry,Virginia Tech,SG,83,83,10.1,3.2,3.5,23.8
Tyler Johnson,Virginia Tech,SF,79,79,8.0,4.5,1.6,26.2
Amani Hansberry,Virginia Tech,PF,88,88,14.3,7.4,2.4,30.7
Terrence Brown,North Carolina,PG,81,81,19.9,2.4,3.8,31.5
Neoklis Avdalas,North Carolina,SG,84,84,12.1,3.1,4.6,31.7
Maximo Adams,North Carolina,PF,86,86,,,,
Jarin Stevenson,North Carolina,PF,86,86,8.1,4.4,0.9,25.8
Sayon Keita,North Carolina,C,85,85,,,,
Matt Able,North Carolina,SF,84,84,8.8,3.4,0.9,21.7
Alexandros Samodurov,North Carolina,C,77,77,,,,
Cade Bennerman,North Carolina,C,76,76,,,,
Isaiah Denis,North Carolina,SG,75,75,1.9,0.6,0.1,3.4
Kevin Thomas,North Carolina,SF,74,74,,,,
Jaydon Young,North Carolina,SG,71,71,1.8,0.9,0.4,7.2
Mallory Smith,North Carolina,SG,63,63,,,,
Rowan Brumbaugh,SMU,PG,85,85,19.2,4.9,3.5,36.1
David Terrell Jr.,SMU,SG,84,84,13.5,3.7,4.8,32.8
Jermaine O'Neal Jr.,SMU,SF,76,76,4.5,2.0,0.4,14.9
Jaylin Stewart,SMU,PF,82,82,4.2,2.6,1.1,16.2
Jaden Toombs,SMU,C,91,91,8.3,4.6,1.1,20.0
Nic Codie,SMU,PF,77,77,4.1,3.1,0.8,15.8
Billy White lll,SMU,PF,75,75,,,,
Johan Munch,SMU,C,76,76,7.9,5.1,1.0,21.0
Jacob Patrick,SMU,SG,73,73,7.2,1.4,0.5,20.3
Nigel Walls,SMU,PF,69,69,0.0,0.2,0.2,3.4
Cam Lomax,SMU,PG,67,67,,,,
Gehrig Normand,SMU,SG,68,68,0.7,0.1,0.3,2.1
Anthony Robinson ll,Florida State,PG,82,82,8.9,3.1,3.0,27.1
Kameron Taylor,Florida State,SG,86,86,18.9,5.0,3.0,34.7
Shon Abaev,Florida State,SF,79,79,7.0,2.9,1.1,15.9
Sebastian Rancik,Florida State,PF,83,83,12.3,5.6,2.0,28.1
Marcus Ponder,Florida State,C,76,76,,,,
Elisee Assui,Florida State,SF,77,77,,,,
Collin Paul,Florida State,SF,76,76,,,,
Martay Barnes,Florida State,SG,75,75,,,,
Cooper Schwieger,Florida State,PF,73,73,5.1,2.5,0.9,20.2
AJ Swinton,Florida State,SF,73,73,4.5,1.8,0.4,15.8
Brandon Bass Jr.,Florida State,SG,70,70,,,,
Jasen Lopez,Florida State,PG,67,67,,,,
Amare Robinson,Florida State,PG,68,68,,,,
JD Jones,Florida State,SG,66,66,,,,
Jackson Shelstad,Louisville,PG,87,87,15.6,2.9,4.9,34.8
Adrian Wooley,Louisville,SG,85,85,8.7,3.9,1.8,22.5
Karter Knox,Louisville,SF,82,82,8.1,4.5,1.2,22.2
Alvaro Folgueiras,Louisville,PF,89,89,8.4,3.6,2.2,20.8
Miles Heide,Virginia Tech,C,78,78,5.6,4.5,0.8,19.1
Kuol Atak,Virginia Tech,PF,80,80,7.0,1.3,0.2,12.4
Isaiah Elohim,Virginia Tech,SF,80,80,12.4,4.2,1.0,28.1
Ethan Copeland,Virginia Tech,SG,75,75,15.0,3.7,2.1,32.1
Musa Sagnia,Virginia Tech,C,70,70,2.3,2.8,0.2,12.4
Sin'Cere Jones,Virginia Tech,SF,69,69,1.4,0.0,6.4,0.3
Solomon Davis,Virginia Tech,C,68,68,,,,
Ned Hull,Virginia Tech,SG,61,61,4.5,1.8,0.9,18.0
Eltayeb Eltayeb,Virginia Tech,SF,63,63,,,,
Kevair Kennedy,Wake Forest,PG,85,85,18.4,4.6,4.2,36.8
Justin Ray,Wake Forest,SG,81,81,11.3,2.1,1.2,28.4
Jamari McDowell,Wake Forest,SF,75,75,3.3,1.6,1.1,17.2
Gavin Placide,Wake Forest,PF,76,76,,,,
Xander Pintelon,Wake Forest,C,74,74,6.2,3.7,0.7,18.1
Ring Nyeri,Wake Forest,PF,73,73,8.5,6.3,0.6,25.8
Isaac Carr,Wake Forest,SG,72,72,2.2,1.7,1.2,11.2
Gallagher Placide,Wake Forest,PF,75,75,,,,
Antonio Dorn,Wake Forest,C,71,71,2.6,1.8,0.4,8.5
Vincent Chaudhri,Wake Forest,SF,66,66,,,,
Armoni Zeigler,Boston College,PG,82,82,12.5,5.1,3.3,32.4
Money Williams,Boston College,SG,86,86,20.6,4.3,4.7,31.2
Jacob Furphy,Boston College,SF,75,75,0.4,0.1,0.0,2.4
Brandon Benjamin,Boston College,PF,80,80,14.2,10.4,1.2,31.3
Luke Hunger,Boston College,C,73,73,8.4,5.1,0.9,19.2
Ernest Shelton,Boston College,SG,77,77,15.9,3.1,0.9,36.8
Andrija Bukumirovic,Boston College,SF,77,77,13.8,7.8,1.0,29.3
Zak Smrekar,Boston College,SF,75,75,,,,
Colby Duggan,Boston College,SF,75,75,9.3,2.4,2.3,28.1
Aly Tounkara,Boston College,C,71,71,4.3,5.5,0.5,18.2
Jack Bailey,Boston College,SF,70,70,,,,
JB Frankel,Boston College,SG,64,64,5.9,2.0,1.9,20.6
Jordan Ghee,Boston College,SG,66,66,,,,
Garwey Dual,Syracuse,PG,79,79,8.4,2.9,4.4,26.5
Aiden Tobiason,Syracuse,SG,80,80,15.3,3.7,2.0,35.3
Gavin Doty,Syracuse,SF,85,85,18.0,6.9,2.2,36.8
Sadiq White Jr.,Syracuse,PF,84,84,6.1,3.3,0.4,15.1
Luke Wilson,Syracuse,C,80,80,10.7,8.3,0.6,28.1
Francis Folefac,Syracuse,SF,79,79,11.3,5.3,2.2,28.1
Flory Bidunga,Louisville,C,92,92,13.3,9.0,1.5,31.6
De'Shayne Montgomery,Louisville,SG,86,86,13.4,4.0,2.1,30.6
Obinna Ekezie Jr.,Louisville,C,81,81,,,,
London Johnson,Louisville,SG,80,80,,,,
Boyuan Zhang,Louisville,PF,75,75,,,,
Gabe Dynes,Louisville,C,74,74,2.9,2.3,0.4,11.9
Isaac Ellis,Louisville,PG,67,67,,,,
Preston Edmead,NC-State,PG,84,84,16.1,3.5,4.4,33.9
Christian Hammond,NC-State,PG,84,84,15.6,3.0,2.5,30.4
Paul McNeil,NC-State,SF,90,90,13.8,3.6,0.8,28.6
Robert Jurkovic,NC-State,PF,83,83,,,,
Kyle Evans,NC-State,C,83,83,12.1,8.7,0.9,28.6
Darius Adams,NC-State,PG,81,81,10.8,3.4,1.6,25.6
Eemeli Yalaho,NC-State,PF,77,77,10.1,5.7,1.7,28.4
Zymicah Wilkins,NC-State,PF,70,70,,,,
Kingston Whitty,NC-State,PG,69,69,,,,
RJ Keene,NC-State,SF,67,67,2.6,4.6,1.9,22.2
Jordan Ross,California,PG,81,81,6.7,2.5,2.3,20.9
Michael Cooper Jr.,California,PG,80,80,13.4,2.7,2.2,26.5
Norjus Indrusaitis,California,SG,75,75,9.1,3.1,1.7,23.5
Jake Wilkins,California,PF,79,79,4.9,1.8,0.4,10.2
Lee Dort,California,C,76,76,8.1,7.8,0.9,23.1
Amier Ali,California,SF,72,72,3.2,1.7,0.2,7.3
Nicolas Mitrovic,California,C,68,68,,,,
Jovani Ruff,California,SG,69,69,,,,
Dionycius Bakare,California,SF,68,68,,,,
Sammie Yeanay,California,PF,65,65,1.1,1.0,0.2,4.6
Mantas Kocanas,California,C,65,65,1.7,1.5,0.1,6.8
Dhiaukuei Manyiel Dut,California,C,60,60,0.4,1.0,0.1,3.6
Naithan George,Pittsburgh,PG,82,82,10.9,3.0,5.4,32.1
A'lahn Sumler,Pittsburgh,SG,82,82,18.9,4.8,3.8,30.3
Jalil Bethea,Pittsburgh,SF,79,79,3.9,1.7,0.5,7.9
Baye Ndongo,Pittsburgh,PF,84,84,11.8,8.1,2.4,27.2
Jonathan Powell,Pittsburgh,SG,77,77,4.8,2.4,0.7,16.3
Chase Foster,Pittsburgh,PF,74,74,,,,
Jemel Jones,Pittsburgh,SG,73,73,,,,
Dominique Diomande,Pittsburgh,PF,72,72,1.9,1.3,0.1,7.2
Kraig Gilbert,Pittsburgh,SF,73,73,,,,
Kiyan Anthony,Syracuse,SG,75,75,8.0,1.4,0.9,18.7
Tasman Goodrick,Syracuse,PF,76,76,9.7,7.3,1.3,23.3
Mark Morano Mahmutovic,Syracuse,SF,68,68,,,,
Ryan Moesch,Syracuse,PG,69,69,,,,
Iker Martinez,Syracuse,C,66,66,,,,
Calvin Russell,Syracuse,CG,60,60,,,,
Colby Garland,Georgia Tech,PG,82,82,20.3,3.3,4.6,35.1
Nasir Whitlock,Georgia Tech,SG,83,83,20.5,3.5,3.3,34.9
Kayden Allen,Georgia Tech,SF,76,76,,,,
Victor Valdes,Georgia Tech,PF,84,84,14.8,4.0,4.5,29.2
Jackson McVey,Georgia Tech,C,70,70,,,,
Jackson Fields,Georgia Tech,PF,76,76,4.3,3.4,1.1,14.2
Kam Craft,Georgia Tech,SG,75,75,7.3,2.1,0.9,21.4
Moustapha Diop,Georgia Tech,C,74,74,,,,
Tylis Jordan,Georgia Tech,PF,70,70,,,,
Cole Kirouac,Georgia Tech,C,70,70,1.7,2.3,0.3,11.4
Kaiden Bailey,Georgia Tech,SG,70,70,,,,
Ilja Kurucs,Georgia Tech,PF,69,69,,,,
Haiden Harper,Georgia Tech,PG,67,67,,,,
Jake West,Northwestern,PG,79,79,5.3,0.8,2.8,21.9
LA Pratt,Northwestern,SG,81,81,17.0,1.7,3.3,33.0
Angelo Ciaravino,Northwestern,SF,77,77,6.3,3.9,1.2,22.0
Jack Karasinski,Northwestern,PF,84,84,21.7,4.7,1.2,29.9
Symon Ghai,Northwestern,C,75,75,,,,
Colin Smith,Northwestern,SF,78,78,11.9,4.2,1.5,29.3
Jayden Hodge,Northwestern,SF,75,75,,,,
Luke McEdlon,Northwestern,C,75,75,11.7,6.2,1.3,25.6
Aleksej Kostic,Northwestern,SG,74,74,4.4,0.9,0.4,12.0
Okku Federiko,Northwestern,PF,73,73,8.6,4.8,1.5,23.2
Phoenix Gill,Northwestern,SG,67,67,0.5,0.5,0.3,3.5
Ryan Soulis,Northwestern,PF,68,68,5.8,4.6,1.5,20.0
Dylan Williams,Northwestern,PG,64,64,2.1,1.0,1.6,8.7
Jeremy Fears Jr.,Michigan State,PG,96,96,15.2,2.4,9.4,32.4
Jasiah Jervis,Michigan State,SG,82,82,,,,
Jordan Scott,Michigan State,SF,81,81,5.8,3.1,1.2,20.8
Coen Carr,Michigan State,PF,83,83,12.0,5.4,1.2,29.2
Anton Bonke,Michigan State,C,79,79,10.6,8.3,1.0,25.6
Kaleb Glenn,Michigan State,PF,77,77,,,,
Cam Ward,Michigan State,SF,78,78,5.1,4.2,0.3,15.3
Kur Teng,Michigan State,SG,77,77,7.3,2.0,1.0,17.5
Julius Avent,Michigan State,PF,74,74,,,,
Timofei Rudovskii,Pittsburgh,SF,74,74,12.9,4.7,1.8,31.5
Ibrahim Soure,Pittsburgh,PF,69,69,0.9,1.9,0.2,8.3
Colin Hawkins,Pittsburgh,PG,70,70,8.2,1.8,2.1,27.2
Macari Moore,Pittsburgh,SG,66,66,1.4,0.9,0.8,5.8
Henry Lau,Pittsburgh,PF,65,65,,,,
Elliot Cadeau,Michigan,PG,90,90,10.5,2.7,5.9,27.3
Brandon McCoy Jr.,Michigan,SG,85,85,,,,
Trey Mckenney,Michigan,SG,85,85,9.9,2.8,0.9,22.1
JP Estrella,Michigan,PF,88,88,10.0,5.4,0.8,18.3
Moustapha Thiam,Michigan,C,94,94,12.8,7.1,0.5,27.2
LJ Cason,Michigan,PG,82,82,8.4,1.9,2.4,18.6
Jalen Reed,Michigan,PF,80,80,9.5,5.7,0.7,18.0
Quinn Costello,Michigan,PF,76,76,,,,
Lincoln Cosby,Michigan,SF,76,76,,,,
Marcus Moller,Michigan,C,76,76,,,,
Oscar Goodman,Michigan,SF,71,71,1.4,1.3,0.4,5.2
Joseph Hartman,Michigan,SG,71,71,,,,
Malachi Brown,Michigan,SF,70,70,,,,
Ricky Liburd,Michigan,SF,62,62,,,,
Fred Payne,Oregon,PG,84,84,15.8,4.2,2.7,34.7
Tyrone Riley IV,Oregon,SG,86,86,12.2,4.8,1.2,31.8
Dywane Aristode,Oregon,SF,80,80,3.8,1.7,0.7,13.2
Taylor Bol Bowen,Oregon,PF,78,78,6.3,4.2,0.5,19.0
Sean Stewart,Oregon,C,77,77,6.5,5.2,1.2,23.0
Andrew Meadow,Oregon,SF,78,78,12.1,3.6,1.0,29.9
Pharaoh Comtpon,Oregon,PF,78,78,7.5,2.8,0.3,13.8
Jerry Easter ll,Oregon,PG,77,77,4.4,3.0,1.1,17.4
Tajh Ariza,Oregon,SF,75,75,,,,
Jasper Johnson,Oregon,SG,75,75,4.9,1.1,1.6,12.0
Seven Spurlock,Oregon,SF,68,68,,,,
Omer Mayer,Purdue,PG,82,82,5.5,1.1,1.2,14.3
CJ Cox,Purdue,SG,85,85,8.5,2.8,1.3,24.4
Caden Pierce,Purdue,SF,83,83,,,,
Jack Benter,Purdue,PF,78,78,4.4,2.6,0.8,14.7
Daniel Jacobsen,Purdue,C,78,78,5.5,3.0,0.3,12.9
Antione West Jr.,Purdue,SG,76,76,,,,
Luke Ertel,Purdue,PG,75,75,,,,
Jacob Webber,Purdue,SF,75,75,,,,
Gicarri Harris,Purdue,SG,75,75,4.6,1.6,0.8,15.8
Sinan Haun,Purdue,C,70,70,,,,
Raleigh Burgess,Purdue,C,69,69,,,,
Rivers Knight,Purdue,PF,68,68,,,,
Jamyn Sondrup,Purdue,C,68,68,,,,
Rodney Rice,USC,SG,89,89,20.3,3.3,6.0,33.8
Jesse McCulloch,Michigan State,PF,74,74,2.4,1.3,0.2,7.4
Ethan Taylor,Michigan State,C,73,73,,,,
Carlos Medlock Jr.,Michigan State,PG,72,72,,,,
Trevan Leonhardt,Nebraska,PG,83,83,11.9,5.4,6.0,34.4
Pryce Sandfort,Nebraska,SF,94,94,18.1,4.9,2.0,33.6
Braden Frager,Nebraska,SF,85,85,11.8,3.8,1.0,23.6
Sam Orme,Nebraska,PF,81,81,12.7,5.0,1.8,25.7
Boden Kapke,Nebraska,C,81,81,10.6,5.7,0.7,26.8
Taj Degourville,Nebraska,PG,79,79,5.5,2.8,3.0,19.4
Damon Wilkinson,Nebraska,C,79,79,13.9,6.4,1.3,23.9
Connor Essegian,Nebraska,SG,76,76,5.4,1.3,0.9,14.0
Cale Jacobsen,Nebraska,SG,75,75,4.6,2.9,1.3,19.7
Collin Rice,Nebraska,SF,74,74,,,,
Will Cooper 24-25,Nebraska,SG,72,72,,,,
Leo Curtis,Nebraska,C,72,72,1.6,0.5,0.2,3.6
Kadyn Betts,Nebraska,PF,66,66,3.1,1.1,0.2,6.6
Jacob Lanier,Nebraska,SF,65,65,,,,
Stefan Vaaks,Illinois,SG,84,84,15.8,2.5,3.2,31.5
Quentin Coleman,Illinois,SG,82,82,,,,
Andrej Stojakovic,Illinois,SF,86,86,13.5,4.5,1.0,26.3
David Mirkovic,Illinois,PF,92,92,13.3,8.0,2.6,29.5
Tomislav Ivisic,Illinois,C,87,87,10.4,5.6,1.6,25.4
Zvonimir Ivisic,Illinois,C,84,84,6.4,4.5,0.3,17.2
Jake Davis,Illinois,SG,77,77,5.4,2.2,0.7,19.6
Lucas Morillo,Illinois,SG,75,75,,,,
Zavier Zens,Illinois,PF,70,70,,,,
Ethan Brown,Illinois,SG,70,70,,,,
Landon Davis,Illinois,PF,68,68,,,,
Owen Foxwell,Wisconsin,PG,84,84,,,,
Trey Autry,Wisconsin,SG,79,79,11.0,3.5,1.5,28.7
Eian Elmer,Wisconsin,SF,86,86,12.7,5.9,1.1,30.3
Austin Rapp,Wisconsin,PF,85,85,9.7,4.0,1.6,23.1
Nolan Winter,Wisconsin,C,88,88,13.1,8.5,1.5,30.7
Jackson Ball,Wisconsin,SG,79,79,,,,
Victory Onuetu,Wisconsin,C,75,75,4.7,6.9,0.4,17.9
Jack Janicki,Wisconsin,SF,74,74,2.2,2.0,1.1,16.5
Hayden Jones,Wisconsin,SF,71,71,1.7,1.0,0.4,7.1
Will Garlock,Wisconsin,C,71,71,1.1,1.1,0.7,6.6
Isaac Riddle,Wisconsin,PF,70,70,,,,
LaTrevion Fenderson,Wisconsin,SF,67,67,,,,
Zach Kinziger,Wisconsin,SG,67,67,1.3,0.3,0.6,4.8
Josh Manchester,Wisconsin,SG,65,65,,,,
Kael Combs,Iowa,PG,80,80,6.1,2.4,2.4,26.1
Alijah Arenas,USC,SG,86,86,14.1,2.9,2.1,27.6
Christian Collins,USC,SF,88,88,,,,
Jacob Cofie,USC,PF,87,87,9.9,6.8,1.9,30.5
Eric Reibe,USC,C,80,80,5.9,3.3,0.5,13.8
KJ Lewis,USC,SG,85,85,14.9,5.1,2.5,30.0
Jalen Cox,USC,PG,82,82,17.9,5.2,5.3,34.1
Adonis Ratliff,USC,PF,80,80,,,,
Darius Ratliff,USC,PF,79,79,,,,
Jadis Jones,USC,SF,79,79,15.3,8.5,2.6,32.9
Isaac Bruns,USC,SG,80,80,20.8,5.1,1.3,31.0
Aaron Hunkin-Claytor,USC,PG,75,75,6.0,2.8,3.9,28.1
Joshua Hughes,USC,PF,75,75,7.2,5.2,0.7,29.8
Jaylen Petty,UCLA,PG,86,86,9.9,3.9,2.2,30.5
Trent Perry,UCLA,PG,86,86,12.6,3.0,2.8,29.9
Eric Dailey,UCLA,SF,85,85,11.6,5.8,1.3,27.6
Filip Jovic,UCLA,PF,77,77,6.3,4.0,0.6,18.2
Xavier Booker,UCLA,PF,79,79,7.3,3.5,0.8,20.1
Azavier Robinson,UCLA,PG,78,78,6.1,1.9,2.5,18.3
Brandon Williams,UCLA,PF,77,77,2.6,1.9,0.3,12.1
Joe Philon,UCLA,SF,75,75,,,,
Eric Freeny,UCLA,SG,74,74,2.0,1.6,0.4,11.0
Sergej Macura,UCLA,PF,75,75,5.0,4.8,0.8,18.5
Javonte Floyd,UCLA,C,70,70,,,,
Gunars Grinvalds,UCLA,SF,72,72,,,,
Markell Alston,UCLA,PG,65,65,,,,
Jimmie Williams,Ohio State,SG,84,84,15.1,4.5,2.6,29.7
John Mobley Jr.,Ohio State,SG,88,88,15.7,2.4,2.8,31.6
Anthony Thompson,Ohio State,PF,87,87,,,,
Amare Bynum,Ohio State,PF,85,85,9.7,4.9,1.1,28.5
Josh Ojanwuna,Ohio State,C,77,77,,,,
Justin Pippen,Ohio State,PG,82,82,14.2,3.9,4.6,30.8
Curtis Givens,Ohio State,SG,80,80,9.4,2.1,2.3,25.6
Andrija Jelavic,Ohio State,PF,78,78,5.5,4.0,0.7,15.6
Ivan Njegovan,Ohio State,C,74,74,2.6,3.0,0.7,11.4
Alex Smith,Ohio State,PF,69,69,,,,
Vuk Lazarevic,Ohio State,C,70,70,,,,
Myles Herro,Ohio State,PG,60,60,,,,
Markus Burton,Indiana,PG,92,92,18.5,2.8,3.7,30.1
Bryce Lindsay,Indiana,SG,85,85,12.3,2.1,2.1,28.6
Jaeden Mustaf,Indiana,SF,80,80,10.4,4.3,2.4,27.8
Isaia Howard,Iowa,SG,79,79,5.1,2.6,1.1,18.2
Tate Sage,Iowa,SF,80,80,6.1,2.1,0.7,16.2
Cooper Koch,Iowa,SF,81,81,7.8,3.1,1.1,28.4
Cam Manyawu,Iowa,PF,80,80,6.6,4.6,1.1,19.2
Andrew McKeever,Iowa,C,80,80,8.2,9.2,1.8,23.2
Ty'Reek Coleman,Iowa,SG,77,77,10.0,2.7,1.8,22.7
Trey Thompson,Iowa,PF,75,75,,,,
Trevin Jirak,Iowa,C,74,74,3.4,0.9,1.1,8.0
Ethan Harris,Iowa,PF,70,70,,,,
Joey Matteoni,Iowa,PF,69,69,1.5,0.6,0.3,3.7
Jaidyn Coon,Iowa,SF,68,68,,,,
DJ Wagner,Maryland,PG,80,80,7.4,1.6,2.4,23.6
Andre Mills,Maryland,SG,79,79,12.2,4.1,1.6,26.7
Baba Oladotun,Maryland,PF,82,82,,,,
Tomislav Buljan,Maryland,PF,81,81,13.1,10.3,1.5,25.9
Pharrel Payne,Maryland,C,85,85,17.5,7.2,1.4,26.9
Bishop Boswell,Maryland,PG,77,77,6.2,4.4,3.1,26.4
Michael McNair,Maryland,SG,78,78,16.9,5.1,2.1,36.1
George Turkson Jr.,Maryland,PF,76,76,1.3,2.0,0.2,11.4
Kaden House,Maryland,SG,74,74,,,,
Robert Jennings ll,Maryland,PF,74,74,3.7,4.0,0.0,13.0
Adama Tambedou,Maryland,PF,71,71,,,,
Maban Jabriel,Maryland,PF,69,69,7.7,3.8,1.0,19.8
Guillermo Del Pino,Maryland,PG,70,70,1.5,0.7,0.5,8.9
Austin Brown,Maryland,SF,68,68,,,,
Ryan Beasley,Washington,PG,82,82,13.6,3.4,4.0,33.3
Wesley Yates,Washington,SG,84,84,12.7,3.3,1.3,31.4
Parker Friedrichsen,Washington,SG,77,77,10.8,2.5,1.4,25.3
LeJuan Watts,Washington,SF,83,83,11.8,6.0,2.4,27.3
Lathan Sommerville,Washington,C,77,77,4.3,2.6,0.2,14.5
Tristan Devers,Washington,SG,76,76,,,,
Steele Venters,Washington,SF,76,76,5.0,1.3,1.0,15.0
Jasir Rencher,Washington,SF,75,75,3.0,1.8,0.1,8.1
Boris Tišma,Washington,PF,74,74,,,,
Nikola Dzepina,Washington,PF,73,73,2.6,1.3,0.7,11.1
Wini Braga,Washington,PF,71,71,,,,
Lattimore Ford,Washington,SF,69,69,,,,
Mady Traore,Washington,C,69,69,,,,
Tariq Francis,Rutgers,PG,84,84,17.0,2.3,2.9,27.8
Jamichael Davis,Rutgers,PG,79,79,7.5,2.9,2.5,26.2
Darin Smith Jr.,Rutgers,SF,85,85,20.7,5.4,1.2,32.6
Aiden Sherrell,Indiana,C,86,86,11.1,6.2,1.1,23.9
Samet Yigitoglu,Indiana,C,81,81,10.7,7.9,1.6,28.9
Darren Harris,Indiana,SG,78,78,3.3,0.8,0.4,9.7
Trent Sisley,Indiana,PF,75,75,4.2,2.8,0.4,13.1
Vaughn Karvala,Indiana,SF,73,73,,,,
Prince-Alexander Moody,Indiana,SG,73,73,,,,
Trevor Manhertz,Indiana,SF,72,72,,,,
Clemens Sokolov,Indiana,C,70,70,,,,
Justin Monden,Indiana,PG,67,67,6.0,1.2,1.6,20.7
Kyan Evans,Minnesota,PG,77,77,4.0,1.2,2.5,17.6
Isaac Asuma,Minnesota,SG,79,79,10.9,4.0,3.7,34.3
Bobby Durkin,Minnesota,SF,78,78,10.2,3.2,1.8,32.8
Grayson Grove,Minnesota,PF,75,75,4.0,3.2,1.7,20.6
Jaylen Crocker-Johnson,Minnesota,PF,82,82,13.4,6.8,1.8,31.5
Malachi Palmer,Minnesota,SF,76,76,4.6,1.7,0.6,18.3
Malick Kordel,Minnesota,C,74,74,1.2,1.5,0.1,4.1
Winters Grady,Minnesota,SF,71,71,2.9,1.1,0.2,5.6
Nolan Groves,Minnesota,SG,70,70,0.9,1.2,0.2,5.7
Nolen Anderson,Minnesota,SF,68,68,,,,
Kai Shinholster,Minnesota,SG,68,68,1.8,1.2,1.0,13.1
Chadrack Mpoyi,Minnesota,C,68,68,,,,
Cedric Tomes,Minnesota,PG,62,62,,,,
Roberts Blums,Penn State,SG,79,79,12.4,3.4,1.1,22.3
Brant Byers,Penn State,SF,80,80,14.2,4.1,0.6,30.8
Roko Prkacin,Penn State,PF,79,79,,,,
Ivan Juric,Penn State,C,80,80,10.2,5.3,0.8,26.4
Jay Rodgers,Penn State,PG,77,77,11.0,2.2,6.9,29.2
Andy Gemao,Penn State,PG,77,77,,,,
Francois Wibaut,Penn State,SG,76,76,,,,
Aleksandar Zecevic,Penn State,PF,74,74,,,,
Tim Oboh,Penn State,C,75,75,8.5,4.9,0.3,21.1
Thomas Allard,Penn State,SF,75,75,,,,
Reggie Grodin,Penn State,SG,68,68,,,,
Cruz Davis,Texas Tech,PG,87,87,20.1,3.7,4.7,37.9
Dra Gibbs-Lawhorn,Texas Tech,SG,86,86,20.7,3.1,2.5,34.1
DaKari Spear,Texas Tech,SG,77,77,,,,
Josiah Mosley,Texas Tech,PF,79,79,5.5,3.6,0.5,13.8
Marial Akuentok,Texas Tech,C,70,70,1.1,1.7,0.2,5.9
Damarion Dennis,Texas Tech,SG,77,77,11.2,3.2,1.3,23.9
LaTrell Hoover,Texas Tech,C,68,68,,,,
Trey Hall,Texas Tech,SF,66,66,,,,
Darren Buchanan,Rutgers,PF,79,79,8.1,3.9,1.7,24.0
Christian Gurdak,Rutgers,C,79,79,5.6,4.4,0.3,17.0
Kaden Powers,Rutgers,SG,77,77,6.1,1.8,1.5,15.7
Lino Mark,Rutgers,PG,77,77,5.9,1.8,1.2,15.9
Will Sydnor,Rutgers,PF,76,76,,,,
Dorin Buca,Rutgers,C,73,73,3.2,3.3,0.5,12.9
Lewis Duarte,Rutgers,SG,74,74,,,,
Gevonte Ware,Rutgers,PF,69,69,0.3,0.5,0.0,5.8
Imahri Wooten,Rutgers,SF,68,68,,,,
Dedan Thomas Jr.,Houston,PG,88,88,15.3,2.7,6.5,29.4
Corey Hadnot ll,Houston,PG,86,86,20.4,4.0,3.5,33.2
Mercy Miller,Houston,SG,82,82,5.0,1.8,0.5,11.9
Delrecco Gillespie,Houston,PF,88,88,17.7,11.3,1.7,32.2
JoJo Tugler,Houston,C,91,91,8.4,5.3,1.3,23.5
Chase McCarty,Houston,SF,79,79,4.1,2.5,0.2,12.3
Braden East,Houston,PF,78,78,12.8,9.1,0.7,24.0
Ikenna Alozie,Houston,SG,78,78,,,,
Arafan Diane,Houston,C,74,74,,,,
Kordel Jefferson,Houston,SG,68,68,1.3,0.7,0.3,3.7
Bryce Jackson,Houston,SG,68,68,,,,
Tyus Thomas,Houston,PG,69,69,,,,
JJ Mandaquit,Arizona,PG,82,82,5.2,2.1,3.2,19.7
Derek Dixon,Arizona,SG,84,84,6.5,2.3,2.7,22.3
Caleb Holt,Arizona,SG,92,92,,,,
Ivan Kharchenkov,Arizona,PF,89,89,10.4,4.3,2.3,28.4
Motiejus Krivas,Arizona,C,94,94,10.4,8.2,1.1,25.3
Cameron Holmes,Arizona,SG,84,84,,,,
Endurance Aiyamenkhue,Arizona,C,76,76,,,,
Mabil Mawut,Arizona,PF,72,72,,,,
Uginus Jarusevicius,Arizona,PF,74,74,7.0,2.0,0.0,11.0
Evan Otten,Arizona,PF,69,69,4.7,3.8,0.3,14.7
Bryce James,Arizona,SG,60,60,,,,
Kanye Clary,Oklahoma State,PG,81,81,10.6,2.9,4.6,28.2
Kashie Natt,Oklahoma State,SG,81,81,10.8,8.2,2.4,26.4
Luka Bogavac,Oklahoma State,SF,77,77,9.8,2.5,2.2,24.3
Julius Halaifonua,Oklahoma State,C,80,80,9.5,4.4,1.3,19.8
Latrell Allmond,Oklahoma State,PF,77,77,,,,
Anthony Felesi,Oklahoma State,SF,77,77,,,,
Andrija Grbovic,Oklahoma State,PF,77,77,6.8,2.9,0.4,19.8
Benjamin Ahmed,Oklahoma State,C,76,76,4.9,3.6,0.2,12.6
JT Toppin,Texas Tech,PF,97,97,21.8,10.8,2.1,34.8
Robert Wright,BYU,PG,89,89,18.1,3.5,4.6,34.8
Collin Chandler,BYU,SG,85,85,9.7,2.8,2.3,27.1
Bruce Branch,BYU,SF,88,88,,,,
Jake Whalin,BYU,PF,80,80,5.3,3.9,0.7,20.5
Adam Stewart,BYU,C,68,68,0.5,0.3,0.0,1.0
Khadim Mboup,BYU,PF,76,76,,,,
Tyler Betsey,BYU,SF,78,78,6.7,2.8,0.4,18.0
Dawson Baker,BYU,SF,76,76,7.5,1.7,0.5,19.8
Brooks Bahr,BYU,SG,70,70,,,,
Dean Rueckert,BYU,SF,70,70,,,,
Brody Kozlowski,BYU,SF,70,70,,,,
Killyan Toure,Iowa State,PG,88,88,8.6,3.5,2.3,25.3
Jamarion Batemon,Iowa State,SG,80,80,6.6,1.2,0.4,15.5
Leon Bond lll,Iowa State,SF,79,79,11.9,4.7,1.5,32.8
Tre Singleton,Iowa State,PF,82,82,7.6,4.8,1.5,25.0
Blake Buchanan,Iowa State,C,85,85,8.5,5.7,1.7,24.5
Jaquan Johnson,Iowa State,PG,86,86,16.9,3.9,3.6,30.4
Ryan Prather Jr.,Iowa State,SF,84,84,15.7,3.9,3.6,34.1
Dominykas Pleta,Iowa State,C,77,77,4.4,2.3,0.5,11.3
Taj Mannning,Iowa State,PF,75,75,4.2,5.1,0.9,20.7
Yusef Gray Jr.,Iowa State,PG,69,69,,,,
Xzavion Mitchell,Iowa State,SF,70,70,1.0,0.3,0.0,3.1
Dorian Rinaldo-Komlan,Iowa State,C,69,69,,,,
Christian Wiggins,Iowa State,SG,68,68,,,,
Jackson Kiss,Iowa State,PF,69,69,,,,
Taylen Kinney,Kansas,PG,83,83,,,,
Leroy Blyden Jr.,Kansas,PG,89,89,16.4,4.0,4.5,33.4
Tyran Stokes,Kansas,SF,94,94,,,,
Dennis Parker Jr.,Kansas,PF,82,82,18.3,5.9,1.3,29.3
Keanu Dawes,Kansas,PF,83,83,12.5,8.8,2.2,30.8
Kohl Rosario,Kansas,SF,78,78,3.4,1.3,0.4,11.6
Christian Reeves,Kansas,C,80,80,11.1,7.8,0.4,21.4
Paul Mbiya,Kansas,C,77,77,1.2,1.4,0.0,5.0
Trent Perry,Kansas,SF,70,70,,,,
Davion Adkins,Kansas,C,73,73,,,,
Luke Barnett,Kansas,SG,69,69,,,,
Grant Mordini,Kansas,PF,69,69,,,,
Atticus Richmond,Kansas,PF,63,63,,,,
Isaac Williams IV,Baylor,PG,84,84,10.4,2.2,3.3,25.0
Kayden Mingo,Baylor,PG,88,88,13.7,3.5,4.3,32.0
Elijah Williams,Baylor,SF,87,87,,,,
Isaac Celiscar,Baylor,PF,83,83,13.2,6.3,3.2,31.1
Juslin Bodo Bodo,Baylor,C,80,80,,,,
Dylan Mingo,Baylor,PG,84,84,,,,
Jacob Walker,Oklahoma State,PG,76,76,11.5,2.2,2.5,25.7
Jalen Montonati,Oklahoma State,SF,75,75,,,,
Ryan Crotty,Oklahoma State,SF,72,72,2.5,1.5,0.5,10.0
Mekhi Ragland,Oklahoma State,PF,69,69,1.4,1.6,0.2,5.6
Parker Robinson,Oklahoma State,SG,66,66,,,,
Miles Sadler,West Virginia,PG,86,86,,,,
Finley Bizjack,West Virginia,SG,86,86,17.1,2.2,2.5,34.0
Joson Sanon,West Virginia,SG,80,80,7.9,2.4,0.7,20.9
Javan Buchanan,West Virginia,PF,82,82,12.6,5.0,1.5,27.9
Mouhamed Sylla,West Virginia,C,82,82,9.6,7.2,0.6,21.4
Martin Somerville,West Virginia,SG,78,78,8.0,3.0,2.4,26.0
Seydou Traore,West Virginia,PF,76,76,9.0,3.4,2.0,28.8
Amir jenkins,West Virginia,SG,75,75,3.4,2.1,2.0,16.0
Amadou Seini,West Virginia,C,74,74,,,,
Aliou Dioum,West Virginia,C,66,66,,,,
Keonte Greybear,West Virginia,SG,66,66,,,,
Barrington Hargress,Colorado,PG,84,84,14.7,2.2,4.5,32.5
Josiah Sanders,Colorado,SG,77,77,4.4,2.6,1.7,17.9
Jalin Holland,Colorado,SG,76,76,4.9,2.7,0.8,17.4
Justin Neely,Colorado,PF,84,84,17.9,11.5,2.4,32.3
Noah Feddersen,Colorado,C,76,76,9.3,5.0,1.0,21.2
Ian Inman,Colorado,SF,75,75,4.1,1.0,0.4,10.4
Rider Portela,Colorado,SF,72,72,,,,
David Gomez,Colorado,PF,66,66,5.0,3.5,0.5,19.5
Goc Malual,Colorado,PF,68,68,,,,
Alex Dickerson,Colorado,PG,68,68,,,,
Eric Jacobsen,Colorado,C,69,69,,,,
Arturo Dean,UCF,PG,80,80,,,,
Dior Johnson,UCF,SG,84,84,24.0,3.3,1.6,26.4
Lewis Walker,UCF,SF,82,82,18.9,5.0,1.8,34.2
Isaiah Malone,UCF,PF,78,78,10.5,5.8,0.5,22.4
John Bol,UCF,C,79,79,5.9,5.5,0.3,18.8
Mister Dean,UCF,SF,79,79,10.3,3.7,3.0,17.3
Cayden Vasko,UCF,PG,76,76,10.4,4.5,4.1,31.9
Carmelo Pacheco,UCF,SG,75,75,4.6,1.3,0.4,15.6
Churchill Abass,UCF,C,74,74,8.4,5.7,0.5,20.1
Jason Asemota,UCF,SF,73,73,3.1,2.1,0.1,7.7
Christian Gibson,UCF,SG,70,70,,,,
Donovan Williams,UCF,PG,70,70,,,,
Ladarius Givan,UCF,PF,68,68,,,,
Elijah Hulsewe,UCF,C,65,65,1.1,1.4,0.1,4.7
Evan Chatman,Baylor,PF,77,77,8.8,8.8,1.1,28.9
Brett Decker Jr.,Baylor,SG,78,78,16.9,2.6,1.1,33.6
Andre Iguodala ll,Baylor,SF,68,68,,,,
Tegra Makabu,Baylor,PF,68,68,,,,
Maikcol Perez,Baylor,PF,66,66,,,,
Mayo Soyoye,Baylor,C,66,66,,,,
Brandon Rechsteiner,Kansas State,PG,77,77,12.0,2.2,2.5,27.8
Jaden Schutt,Kansas State,SG,77,77,7.7,1.6,0.9,24.7
Dezdrick Lindsay,Kansas State,SF,76,76,5.3,2.8,1.5,20.5
Isaiah Abraham,Kansas State,PF,77,77,4.8,2.9,0.7,19.9
JT Rock,Kansas State,C,76,76,6.2,3.5,0.4,12.8
Andrej Kostic,Kansas State,SG,76,76,5.2,1.7,1.0,13.8
Timotej Malovec,Kansas State,SF,74,74,4.2,1.3,0.9,14.9
Matt Gihool,Kansas State,PF,70,70,,,,
Papa N'Diaye,Kansas State,C,70,70,2.0,5.0,0.0,26.0
Jaylen Alexander,Kansas State,PG,67,67,,,,
Devin Hutcherson,Kansas State,SG,66,66,,,,
Brock Vice,Kansas State,C,64,64,2.0,1.8,0.2,5.3
Brock Harding,TCU,PG,83,83,8.0,2.9,5.6,31.8
Gavin Sykes,TCU,SG,84,84,19.4,3.0,1.5,32.9
Tanner Toolson,TCU,SF,81,81,7.7,3.2,0.9,21.0
Micah Robinson,TCU,PF,83,83,10.9,4.7,1.7,26.9
Xavier Edmonds,TCU,C,86,86,12.7,6.5,1.2,22.9
Trent Lincoln,TCU,PG,80,80,,,,
Luke Bamgboye,TCU,C,77,77,4.5,3.4,0.5,16.6
DJ Thomas,TCU,PF,77,77,6.6,2.1,0.6,16.7
Milos Sojic,TCU,PF,75,75,,,,
Ricards Aizpurs,TCU,SF,72,72,,,,
Ryan Hunt,TCU,C,73,73,,,,
Gavin Murphy,TCU,PG,68,68,,,,
Tylen Riley,Cincinnati,PG,85,85,15.0,3.9,4.4,27.7
Myles Colvin,Cincinnati,SG,83,83,11.6,4.4,1.4,27.1
Adlan Elamin,Cincinnati,SF,81,81,6.7,3.1,0.9,19.5
Tyler Tejada,Cincinnati,PF,86,86,17.7,5.5,2.3,35.6
Riley Allenspach,Cincinnati,C,86,86,13.6,6.1,0.8,24.9
Jayden Hastings,Cincinnati,PF,79,79,6.7,5.6,0.7,22.6
Akai Fleming,Cincinnati,SG,79,79,10.4,3.2,1.3,25.5
Eric Mahaffey,Cincinnati,PF,76,76,7.8,5.6,1.5,21.9
Elijah Perryman,Cincinnati,PG,76,76,4.4,1.6,3.1,13.9
Joel Foxwell,Arizona State,PG,84,84,15.6,4.3,6.5,35.6
Bryce Ford,Arizona State,SG,76,76,6.9,1.6,0.8,22.4
Dillan Shaw,Arizona State,SF,83,83,7.5,5.4,1.5,27.5
Paulius Murauskas,Arizona State,PF,87,87,18.4,7.6,2.1,32.2
Ben Defty,Arizona State,C,83,83,15.1,6.8,1.9,29.5
Emmanuel Innocenti,Arizona State,SF,78,78,6.0,3.8,1.7,24.3
Ajak Nyuon,Arizona State,C,73,73,,,,
Filip Malesevic,Arizona State,C,73,73,,,,
Marcus Vaughns,Arizona State,PF,71,71,,,,
Jonathan Griman,Arizona State,PF,71,71,6.1,5.9,0.5,23.2
JRob Croy,Arizona State,SG,69,69,,,,
Marcus Jackson,Arizona State,C,68,68,,,,
Nate Garcia,Arizona State,C,66,66,2.4,1.1,0.1,6.1
Vijay Wallace,Arizona State,SF,59,59,,,,
Noam Yaacov,Utah,PG,85,85,,,,
TJ Burch,Utah,PG,80,80,12.4,2.4,3.6,24.7
Taison Chatman,Utah,SG,79,79,4.3,1.2,0.8,12.9
Jackson Holcombe,Utah,PF,82,82,16.0,7.0,3.6,30.1
Flynn Schott,Utah,PF,74,74,,,,
Malek Gomma,Utah,PF,74,74,8.0,6.9,1.4,25.1
Jaxon Johnson,Utah,PF,68,68,,,,
Obomate Abbey,Utah,PG,70,70,2.5,1.6,2.2,15.3
Lucas Langarita,Utah,SG,69,69,2.6,1.2,0.6,12.6
Zati Loubaki,Utah,C,71,71,,,,
David Katoa,Utah,SG,68,68,,,,
Lukas McCanna,Utah,C,66,66,,,,
Bryce Mella,Utah,SG,66,66,,,,
Nigel James Jr.,Marquette,PG,91,91,16.4,3.4,4.9,29.2
Adrien Stevens,Marquette,SG,81,81,7.9,2.6,1.6,26.1
Nolan Minessale,Marquette,SG,84,84,19.8,4.6,4.3,31.1
Royce Parham,Marquette,PF,85,85,12.5,4.9,0.9,28.7
Sananda Fru,Marquette,C,83,83,9.0,6.1,1.2,22.0
Damarius Owens,Marquette,SF,78,78,4.8,2.6,0.7,15.6
Caedin Hamilton,Marquette,PF,76,76,2.9,2.9,0.6,12.9
Michael Phillips,Marquette,SF,72,72,2.1,1.3,0.2,7.9
Ian Miletic,Marquette,SF,71,71,,,,
Joshua Clark,Marquette,C,69,69,1.3,1.9,0.0,5.4
Alex Egbuonu,Marquette,SF,73,73,,,,
Ethan Johnson,Marquette,SG,69,69,,,,
Colton Crowdis,Marquette,PG,65,65,,,,
Nash Walker,Marquette,SF,63,63,,,,
Quinn Ellis,St. John's,PG,90,90,,,,
Tounde Yessoufou,St. John's,SF,88,88,17.8,5.9,1.6,32.6
Babacar Sane,St. John's,SF,86,86,,,,
Trevian Carson,Cincinnati,PG,77,77,11.9,6.5,2.9,31.6
David Iweze,Cincinnati,PF,68,68,,,,
Lucas Atauri,Cincinnati,SG,68,68,,,,
Deshaun Vaden,Cincinnati,PF,64,64,,,,
Silas Demary Jr.,UConn,PG,89,89,10.1,4.5,5.9,28.4
Braylon Mullins,UConn,SG,89,89,12.0,3.5,1.4,28.3
Jayden Ross,UConn,SF,83,83,4.6,2.5,0.8,17.4
Nikolas Khamenia,UConn,PF,83,83,5.7,3.3,1.0,19.8
Najai Hines,UConn,C,85,85,6.5,5.5,0.6,18.0
Colben Landrew,UConn,SF,81,81,,,,
Nils Machowksi,UConn,SG,78,78,17.2,5.7,2.6,33.7
Junior County,UConn,SG,78,78,,,,
Oskar Giltay,UConn,C,77,77,3.3,4.1,0.3,14.6
Jaye Nash,UConn,PG,76,76,5.1,2.8,4.0,25.7
Jacob Ross,UConn,SF,67,67,,,,
Emir Dzafic,UConn,C,68,68,0.4,0.1,0.0,2.1
Solo Ball,UConn,SG,87,87,12.8,3.0,1.5,28.4
Wes Enis,Creighton,PG,86,86,16.4,3.6,2.4,34.0
Austin Swartz,Creighton,SG,81,81,10.9,2.8,1.4,21.5
Hudson Greer,Creighton,SF,78,78,4.7,2.0,0.4,13.7
Jackson McAndrew,Creighton,SF,84,84,6.8,4.5,0.5,20.5
Oswin Erhunmwunse,Creighton,C,80,80,6.9,8.3,0.8,25.0
Jasen Green,Creighton,PF,81,81,10.5,6.3,2.4,28.4
BJ Davis,Creighton,PG,78,78,10.8,3.2,2.2,22.2
Kayden Edwards,Creighton,SG,76,76,3.2,0.6,0.6,6.4
Isaac Traudt,Creighton,C,76,76,6.5,2.5,0.4,18.9
Katrelle Harmon,Creighton,SG,75,75,,,,
Trevon Carter-Givens,Creighton,C,71,71,,,,
Wesley Rosa,Creighton,C,70,70,,,,
Shane Thomas,Creighton,SG,60,60,0.8,0.7,0.2,3.4
Darryl Simmons ll,Villanova,PG,84,84,16.4,1.9,2.8,35.4
Tyler Perkins,Villanova,SG,83,83,13.7,5.4,1.6,29.9
Devin Royale,Villanova,SF,83,83,13.7,5.7,1.6,32.5
Kwame Evans Jr.,Villanova,PF,84,84,13.3,7.4,2.0,30.9
Luigi Suigo,Villanova,C,85,85,,,,
Elijah Crawford,Villanova,PG,81,81,14.1,2.9,4.9,25.8
Jake Fiegen,Villanova,SG,82,82,17.1,5.1,2.1,26.1
Adam Oumiddoch,Villanova,SG,76,76,,,,
Nico Onyekwere,Villanova,C,70,70,,,,
Donnie Freeman,St. John's,PF,86,86,16.5,7.2,1.3,31.3
Ruben Prey,St. John's,C,85,85,4.3,2.1,0.8,10.7
Ian Jackson,St. John's,SG,80,80,9.4,2.3,1.3,18.3
Dordije Jovanovic,St. John's,SF,80,80,,,,
Lazar Stojkovic,St. John's,C,79,79,,,,
Lefteris Liotopoulos,St. John's,PG,70,70,2.9,0.9,0.4,7.7
Kyle Cuffe Jr.,St. John's,SG,70,70,7.3,1.8,0.4,16.4
Theo Edema,St. John's,C,73,73,,,,
Avery Brown,St. John's,PG,70,70,4.3,2.0,0.3,15.0
Casper Pohto,St. John's,SG,68,68,0.3,0.7,0.2,4.5
Fotis Konstantindis,St. John's,PG,67,67,0.4,0.1,0.1,1.1
Simeon Wilcher,Seton Hall,PG,79,79,5.6,1.8,1.7,18.6
Del Jones,Seton Hall,SG,85,85,17.2,3.5,3.5,31.7
Kareem Thomas,Seton Hall,SG,77,77,15.9,3.0,1.5,29.2
Nathan Mariano,Seton Hall,PF,76,76,,,,
Devin Williams,Seton Hall,PF,76,76,7.5,5.2,1.3,23.8
Rodney Brown Jr.,Seton Hall,SG,79,79,14.0,2.4,1.7,32.3
Mayar Wol,Seton Hall,PF,77,77,10.5,2.7,0.7,19.9
Roddie Anderson lll,Seton Hall,PG,77,77,10.9,3.3,2.2,23.8
Trey Parker,Seton Hall,PG,75,75,4.3,2.8,1.5,15.5
Darien Moore,Seton Hall,PG,73,73,,,,
Chris Nwuli,Seton Hall,PF,71,71,2.2,1.5,0.4,10.1
Abdulai Fanta Kabba,Seton Hall,C,71,71,4.7,5.8,0.4,17.4
Malik Mack,Providence,PG,85,85,13.6,3.0,4.1,32.3
Devin Vanterpool,Providence,SG,85,85,15.8,6.3,2.4,31.2
Miles Bryd,Providence,SF,86,86,10.4,4.7,2.6,28.1
Dink Pate,Providence,PF,84,84,,,,
Arrinten Page,Providence,C,83,83,10.2,4.5,1.8,22.8
Ryan Sabol,Providence,SG,79,79,18.8,3.2,3.3,36.3
Ryan Mela,Providence,SF,79,79,9.9,5.3,2.0,25.8
Samson Aletan,Providence,C,77,77,7.8,5.8,1.2,25.9
Leonardo Marangon,Providence,SF,75,75,,,,
Gavin Hightower,Providence,PG,74,74,4.1,1.7,1.7,10.1
Jacob Bannarbie,Providence,PF,73,73,5.4,4.8,1.3,16.2
Layden Blocker,DePaul,PG,81,81,11.1,2.5,3.5,29.1
Kahmare Holmes,DePaul,SG,82,82,19.5,5.7,2.7,31.8
Kruz McClure,DePaul,SF,77,77,5.0,1.4,1.5,18.6
Matt Hodge,Villanova,PF,80,80,9.2,3.6,0.7,27.6
Jaland Lowe,Georgetown,PG,83,83,8.0,2.1,2.4,18.6
Kayvaun Mulready,Georgetown,SG,79,79,5.4,2.5,1.1,16.7
Caleb Williams,Georgetown,SF,79,79,8.8,5.1,1.5,30.0
Chol Machot,Georgetown,C,80,80,8.9,5.5,0.2,19.8
Josiah Parker,Georgetown,SF,76,76,9.6,6.0,1.2,21.8
Elmarko Jackson,Georgetown,SG,76,76,4.8,1.8,1.4,17.8
Justin Caldwell,Georgetown,PF,69,69,,,,
Gabriel Landeira,Georgetown,SG,69,69,,,,
Seal Diouf,Georgetown,C,68,68,0.6,0.8,0.0,2.9
Athan Olivier,Georgetown,PG,66,66,,,,
Jordan Ellerbee,Butler,PG,77,77,13.1,3.4,2.1,26.9
Samu Adler,Butler,SG,80,80,,,,
Eduardo Klafke,Butler,SF,76,76,4.6,2.5,1.1,15.0
Treyson Anderson,Butler,PF,77,77,10.4,5.3,0.8,18.2
Drayton Jones,Butler,C,77,77,6.3,4.6,1.4,19.5
Jalen Jackson,Butler,PG,81,81,9.5,3.5,3.8,22.5
Samis Calderon,Butler,PF,74,74,0.4,0.8,0.3,4.1
Asim Djulovic,Butler,SF,75,75,,,,
Marko Maric,Butler,C,72,72,,,,
Christian Moore,Butler,SF,70,70,11.2,3.1,1.0,25.1
Herly Brutus,Butler,SF,68,68,,,,
Baron Walker,Butler,SG,67,67,,,,
Kevin Ndzie,Butler,C,62,62,,,,
Chance Westrey,Xavier,PG,82,82,15.5,3.8,5.5,30.6
Tru Washington,Xavier,SG,83,83,11.9,4.0,1.8,27.5
Gabriel Pozzato,Xavier,SF,81,81,,,,
Jovan Miliecevic,Xavier,PF,86,86,12.4,3.9,1.4,26.1
Michael Nwoko,Xavier,C,83,83,13.4,5.9,0.8,21.8
Ruben Dominguez,Xavier,SF,79,79,10.2,2.3,1.4,23.3
Nikolaos Chitikoudis,Xavier,PF,76,76,11.3,7.7,1.8,26.2
Kalek House,Xavier,SG,74,74,,,,
Rolyns Aligbe,Xavier,PF,70,70,9.5,7.4,0.7,24.5
Braden Appelhans,Xavier,SF,69,69,5.3,1.4,0.5,13.6
Asher Elson,Xavier,PF,66,66,,,,
Kason Westphal,Xavier,C,68,68,,,,
Gedeon Basson,Xavier,PG,65,65,,,,
Harrison Aligbe,Xavier,PF,60,60,,,,
Aden Holloway,Alabama,PG,90,90,16.8,2.8,3.8,28.4
Qayden Samuels,Alabama,SG,84,84,,,,
Jaxon Richardson,Alabama,SG,86,86,,,,
Amari Allen,Alabama,PF,91,91,11.4,6.9,3.1,28.3
Magoon Gwath,DePaul,PF,84,84,8.9,4.3,0.3,19.0
Wilson Jacques,DePaul,C,79,79,8.8,8.8,1.1,27.4
Noah Meeusen,DePaul,SG,77,77,5.9,3.2,2.6,27.3
Ade Popoola,DePaul,SF,77,77,10.8,4.2,1.3,28.7
Koree Cotton,DePaul,SF,76,76,13.9,5.3,2.5,27.1
Asmal Delalic,DePaul,SF,75,75,3.8,2.0,0.7,13.3
Theo Pierre-Justin,DePaul,PF,72,72,4.0,2.6,0.9,15.5
Fabian Flores,DePaul,C,70,70,2.9,2.9,0.3,10.5
Noah Smith,DePaul,SF,65,65,,,,
Mason Lockett,DePaul,SG,62,62,,,,
Andrew Jensen,DePaul,PF,61,61,,,,
Nate Kasher,DePaul,SG,60,60,0.4,0.8,0.4,1.8
Zoom Diallo,Kentucky,PG,85,85,15.7,3.9,4.5,29.6
Alex Wilkins,Kentucky,PG,85,85,17.8,2.0,4.7,29.7
Milan Momcilovic,Kentucky,PF,87,87,16.9,3.1,1.0,30.5
Ousmane N'Diaye,Kentucky,PF,84,84,,,,
Malchi Moreno,Kentucky,C,84,84,7.8,6.3,1.8,22.6
Justin McBride,Kentucky,PF,80,80,15.3,5.6,1.5,27.1
Kam Williams,Kentucky,SF,79,79,6.0,2.1,1.0,18.5
Franck Kepnang,Kentucky,C,73,73,6.2,6.3,0.2,22.9
Braydon Hawthrone,Kentucky,SF,70,70,,,,
Trent Noah,Kentucky,SF,73,73,3.0,2.3,0.5,10.6
Jerone Morton,Kentucky,PG,68,68,7.8,1.9,2.6,25.0
Mason Williams,Kentucky,PG,67,67,,,,
Reece Potter,Kentucky,C,60,60,,,,
Ace Glass,Vanderbilt,PG,84,84,16.4,3.0,2.3,28.8
Tyler Tanner,Vanderbilt,PG,97,97,19.5,3.6,5.1,33.5
Sebsastian Williams-Adams,Vanderbilt,SF,85,85,7.0,3.5,1.5,27.3
Berke Buyuktuncel,Vanderbilt,PF,85,85,6.5,5.6,1.9,24.3
Bangot Dak,Vanderbilt,C,85,85,11.5,6.5,1.4,25.7
AK Okereke,Vanderbilt,SF,85,85,9.6,3.6,2.0,26.2
TO Barrett,Vanderbilt,PG,77,77,8.6,2.7,3.0,22.8
Chandler Bing,Vanderbilt,SG,77,77,3.6,1.6,0.4,14.9
Anthony Brown,Vanderbilt,PG,75,75,,,,
Ethan MgBako,Vanderbilt,SF,75,75,,,,
Jayden Leverett,Vanderbilt,C,70,70,1.0,1.2,0.0,4.0
Jackson Sheffield,Vanderbilt,C,68,68,,,,
Baylor Allen,Vanderbilt,SG,66,66,,,,
Coleson Messer,Vanderbilt,SG,58,58,0.0,0.0,0.0,1.1
Drew Fielder,Alabama,C,82,82,14.7,5.7,1.3,23.7
London Jeminson,Alabama,SF,84,84,6.2,3.4,0.4,15.5
Brandon Garrison,Alabama,C,77,77,4.7,4.1,1.1,16.2
Jamarion Davis-Fleming,Alabama,C,76,76,3.7,4.8,0.7,20.2
Cole Cloer,Alabama,SG,75,75,,,,
Keitenn Bristow,Alabama,SF,75,75,3.6,4.0,0.5,12.5
Tarris Bouie,Alabama,SF,75,75,,,,
Collins Onyejiaka,Alabama,C,71,71,1.0,3.0,0.0,5.5
Urban Klavzar,Florida,PG,81,81,9.6,1.5,1.3,20.7
Boogie Fland,Florida,PG,82,82,11.6,2.5,3.5,30.0
Thomas Haugh,Florida,SF,94,94,17.1,6.1,2.1,33.3
Alex Condon,Florida,PF,92,92,15.1,7.5,3.6,30.5
Rueben Chinyelu,Florida,C,94,94,10.9,11.2,0.7,24.5
Isaiah Brown,Florida,SF,78,78,5.5,2.5,0.6,12.8
CJ Ingram,Florida,SF,77,77,2.2,0.9,0.4,5.3
Domen Petrovic,Florida,SF,77,77,,,,
AJ Brown,Florida,SG,77,77,13.2,3.2,1.1,26.6
Alex Lloyd,Florida,SF,75,75,1.2,0.8,0.2,4.8
Arturas Butajevas,Florida,C,76,76,,,,
Viktor Mikic,Florida,PF,73,73,1.3,0.8,0.4,2.9
Alex Kovatchev,Florida,SG,70,70,0.5,0.4,0.1,3.3
Denzel Aberdeen,Florida,SG,84,84,13.5,2.5,3.4,30.6
Jalen Reece,Texas A&M,PG,80,80,5.8,1.8,3.6,23.8
PJ Haggerty,Texas A&M,SG,91,91,23.4,5.3,3.8,35.2
Bryson Warren,Texas A&M,SG,82,82,,,,
Mackenzie MgBako,Texas A&M,PF,84,84,10.4,4.9,1.3,18.7
Zach Clemence,Texas A&M,C,79,79,6.9,3.2,0.9,16.9
Jalen Shelly,Texas A&M,SF,78,78,13.7,6.6,2.7,31.1
Cade Phillips,Texas A&M,PF,78,78,3.8,4.0,0.4,16.9
Tyshawn Archie,Texas A&M,PG,78,78,14.3,1.9,2.9,25.7
Neiko Mundey,Texas A&M,PG,76,76,,,,
Jamie Vinson,Texas A&M,C,76,76,3.5,2.3,0.4,6.6
Lukas Walls,Texas A&M,SG,74,74,7.9,2.5,1.1,23.9
Jeremiah Green,Texas A&M,PG,70,70,0.9,0.1,0.5,4.0
Josh Irving,Texas A&M,C,71,71,,,,
Chrisopher McDermott,Texas A&M,PF,66,66,0.7,0.7,0.2,2.4
Jason Crowe Jr.,Missouri,PG,86,86,,,,
Kennard Davis Jr.,Missouri,SG,82,82,8.5,2.7,1.3,29.6
Jamier Jones,Missouri,SF,85,85,11.9,4.5,1.4,25.7
Trent Pierce,Missouri,PF,83,83,10.4,3.8,1.2,28.4
Isaiah Johnson,Texas,PG,87,87,16.9,2.9,3.0,30.6
Mikey Lewis,Texas,SG,89,89,13.9,2.7,2.1,26.8
Elyjah Freeman,Texas,SF,86,86,9.2,5.2,1.2,26.9
David Punch,Texas,PF,91,91,14.1,6.8,2.0,29.6
Matas Vokietaitis,Texas,C,89,89,15.6,7.1,0.6,26.0
Austin Goosby,Texas,SG,84,84,,,,
Amari Evans,Texas,SF,78,78,4.1,3.2,0.8,14.4
Mantas Laurencikas,Texas,PG,75,75,,,,
Bo Ogden,Texas,SG,73,73,,,,
John Clark,Texas,PF,71,71,,,,
Lewis Obiorah,Texas,C,70,70,,,,
Joe Sterling,Texas,SG,68,68,,,,
Coleman Elkins,Texas,C,65,65,,,,
Anthon McDermott,Texas,SG,62,62,0.9,0.6,0.3,2.9
Jordan Smith,Arkansas,PG,94,94,,,,
Abdou Toure,Arkansas,SF,84,84,,,,
Billy Richmond,Arkansas,SF,92,92,11.2,4.3,2.0,27.6
Miikka Muurinen,Arkansas,PF,79,79,,,,
Cooper Bowser,Arkansas,C,84,84,13.8,5.9,1.8,29.6
JJ Andrews,Arkansas,SG,84,84,,,,
Jeremiah Wilkinson,Arkansas,SG,84,84,17.4,2.0,1.7,25.7
Isaiah Sealy,Arkansas,SF,73,73,2.9,1.3,0.6,7.0
Jaden Karuletwa,Arkansas,SG,64,64,0.6,0.3,0.1,2.6
Maper Maker,Arkansas,C,68,68,,,,
Paulo Semedo,Arkansas,C,62,62,,,,
Tahaad Pettiford,Auburn,PG,88,88,15.4,3.0,3.8,32.3
George Kimble lll,Auburn,PG,83,83,18.0,3.7,3.2,29.7
Kevin Overton,Auburn,SF,86,86,14.1,3.3,1.3,31.7
Thomas Dowd,Auburn,PF,83,83,14.4,10.1,2.1,36.0
Bukky Oboye,Auburn,C,78,78,7.9,4.1,0.6,17.8
Mantas Rubstavicius,Auburn,SF,80,80,,,,
Owen Freeman,Auburn,C,77,77,5.0,4.0,0.9,11.9
Adam Olsen,Auburn,SF,79,79,16.7,4.1,0.9,35.8
Simon Walker,Auburn,SG,75,75,2.5,0.5,0.2,5.0
Caleb Williams,Auburn,SG,70,70,,,,
Narcisse Ngoy,Auburn,C,68,68,,,,
Divine Ugochukwu,LSU,PG,73,73,5.1,1.5,1.5,16.1
Abdi Bashir Jr.,LSU,SG,83,83,13.2,2.2,2.3,24.7
Marcio Santos,LSU,PF,84,84,,,,
Saliou Niang,LSU,PF,85,85,,,,
Michael Ruzic,LSU,C,82,82,,,,
Mouhamed Dioubate,LSU,PF,79,79,8.8,5.5,1.0,21.6
Austin Nunez,LSU,PG,73,73,9.8,2.1,2.8,28.5
Brice Dessert,LSU,C,84,84,,,,
RJ Luis,LSU,SF,96,96,,,,
Yam Madar,LSU,PG,90,90,,,,
Bryson Tiller,Missouri,PF,85,85,7.9,6.1,1.0,25.9
Jaylen Carey,Missouri,C,81,81,7.4,6.0,1.3,18.5
Toni Bryant,Missouri,PF,81,81,,,,
Annor Boateng,Missouri,SG,74,74,2.7,1.8,0.3,11.5
Jordan Crawford,Missouri,SG,78,78,14.4,2.9,1.4,31.0
Aaron Rowe,Missouri,PG,72,72,,,,
Trent Burns,Missouri,C,71,71,2.0,1.8,0.1,8.2
Nicholas Randall,Missouri,PF,70,70,0.7,1.0,0.1,5.5
Aidan Chronister,Missouri,SF,71,71,,,,
Luke Northweather,Missouri,PF,71,71,3.0,2.4,0.6,12.4
Budd Clark,Ole Miss,PG,85,85,12.7,3.0,4.9,30.6
Ilias Kamardine,Ole Miss,SG,80,80,11.3,3.4,3.8,31.1
Patton Pinkins,Ole Miss,SF,79,79,9.3,1.9,0.9,24.9
Roman Siulepa,Ole Miss,PF,79,79,10.0,5.5,0.9,26.6
Santiago Trouet,Ole Miss,C,79,79,8.1,6.1,0.9,25.6
Dasear Haskins,Ole Miss,PF,76,76,11.1,6.4,1.4,27.8
TJ Clark,Ole Miss,SG,75,75,,,,
Yohance Connor,Ole Miss,SG,71,71,,,,
Christian Brown,Ole Miss,PF,69,69,3.0,3.8,0.4,13.3
Stefan Cicic,Ole Miss,C,71,71,4.5,2.6,0.3,12.4
Jaron Saulsberry,Ole Miss,SF,68,68,,,,
Daniel Patton,Ole Miss,PF,60,60,,,,
King Grace,Mississippi State,PG,76,76,5.1,1.3,0.4,12.2
Josh Hubbard,Mississippi State,SG,91,91,22.1,2.5,3.6,33.3
TJ Simpkins,Mississippi State,SF,79,79,9.7,2.8,1.2,25.1
Kendyl Sanders,Mississippi State,PF,76,76,5.2,3.1,0.7,20.1
ND Okafor,Mississippi State,C,80,80,11.0,5.7,0.9,23.2
Thomas Bassong,Mississippi State,SF,76,76,5.9,3.5,0.4,19.3
RJ Johnson,Mississippi State,PG,77,77,14.5,3.1,4.0,28.1
Tee Bartlett,Mississippi State,C,72,72,,,,
Jalyn Collingwood,Mississippi State,SF,70,70,,,,
Willie Burnett lll,Mississippi State,SG,70,70,,,,
Tristan Reed,Mississippi State,C,70,70,,,,
Ashton Magee,Mississippi State,PF,67,67,3.0,1.7,0.2,11.3
Cameron Paul,Mississippi State,SF,67,67,,,,
Trevor Reed,Mississippi State,SG,64,64,,,,
Xzayvier Brown,Oklahoma,PG,85,85,15.4,3.2,3.3,32.4
Pop Isaacs,Oklahoma,PG,82,82,9.8,2.5,2.6,22.3
Derrion Reid,Oklahoma,SF,85,85,11.7,4.4,1.1,27.5
Dai Dai Ames,Tennessee,PG,85,85,16.9,2.0,2.2,31.8
Terrence Hill Jr.,Tennessee,SG,87,87,15.0,2.7,2.8,25.1
Juke Harris,Tennessee,SF,90,90,21.4,6.5,1.9,35.2
Jalen Haralson,Tennessee,PF,86,86,16.2,4.0,2.6,26.6
Miles Rubin,Tennessee,C,82,82,11.3,7.1,2.3,29.7
Tyler Lundblade,Tennessee,SF,85,85,15.6,2.7,1.8,34.3
Chris Washington Jr.,Tennessee,SF,80,80,,,,
DeWayne Brown II,Tennessee,PF,78,78,4.8,3.6,0.9,14.7
Braeden Lue,Tennessee,PF,78,78,10.9,5.3,1.2,26.5
Troy Henderson,Tennessee,PG,71,71,1.8,0.4,1.0,6.9
Christian Fermin,Tennessee,C,73,73,0.8,2.5,0.8,13.0
Ralph Scott,Tennessee,SF,75,75,,,,
Manny Green,Tennessee,SF,72,72,,,,
Ethan Burg,Tennessee,SG,70,70,2.5,0.9,1.1,10.7
Marquis Clark,Tennessee,PG,67,67,,,,
Kory Mincy,South Carolina,PG,84,84,14.3,3.6,2.9,33.9
Davion Hannah,South Carolina,SG,77,77,3.3,1.9,0.8,12.7
Camden Heide,South Carolina,SF,76,76,5.9,2.7,0.7,22.5
Juan Fernandez,South Carolina,PF,81,81,,,,
Aleksas Bieliauskas,South Carolina,PF,79,79,4.9,4.4,0.9,20.2
Shane Blakeney,South Carolina,SG,78,78,14.2,5.1,2.5,33.7
Jakub Necas,South Carolina,PF,75,75,6.9,5.1,1.1,24.4
Marcus Johnson,South Carolina,PG,76,76,,,,
Grant Polk,South Carolina,PF,69,69,3.8,1.1,0.1,12.9
Hayden Assemian,South Carolina,SF,69,69,2.4,2.5,0.3,9.8
Khani Rooths,Oklahoma,PF,78,78,5.3,4.3,1.0,15.9
Akoldah Gak,Oklahoma,C,78,78,,,,
Dayton Forsythe,Oklahoma,SG,76,76,5.3,1.4,1.8,17.2
Kai Rogers,Oklahoma,C,75,75,1.6,1.9,0.4,8.0
Quincy Wadley,Oklahoma,SG,77,77,,,,
Tyler Hendricks,Oklahoma,SG,76,76,11.8,4.3,1.9,29.8
Yaak Yaak,Oklahoma,C,72,72,6.6,2.2,0.4,15.1
Gage Mayfield,Oklahoma,SF,73,73,,,,
Smurf Millender,Georgia,PG,83,83,12.0,2.8,4.1,26.1
Blue Cain,Georgia,SG,83,83,13.1,5.1,2.6,27.8
Freddie Dilione V,Georgia,SF,83,83,14.0,3.2,2.2,27.5
Kanon Catchings,Georgia,SF,82,82,11.6,4.8,1.2,23.3
James Scott,Georgia,C,77,77,3.9,4.6,0.6,17.9
Kareem Stagg,Georgia,PF,75,75,4.8,2.4,0.6,12.8
Brady Dunlap,Georgia,PF,73,73,7.0,2.0,0.9,17.0
Hakeem Weems,Georgia,C,70,70,,,,
Mading Kuany,Georgia,SF,70,70,,,,
Andrew Osauyi,Georgia,C,70,70,3.7,2.8,0.2,11.9
Kemo Millender,Georgia,PG,65,65,,,,
